"Generic"	"Implementation"	"Type"	"Method"	"N"	"CPU_mean"	"CPU_conf"	"GC_mean"	"GC_conf"	"ALLOC_mean"	"ALLOC_conf"
"dot(X,Y)"	"BLAS"	"Float32"	"Base.LinAlg.BLAS.dot"	10	30.905432308248	0.28719924841158595	0.0	0.0	1.6000000000000043	3.1495862242645414e-17
"dot(X,Y)"	"MKL"	"Float32"	"MKL.mkl_dot"	10	31.50160163588993	0.3926025778499344	0.0	0.0	1.5999999999999963	1.8086114809712336e-17
"dot(X,Y)"	"Julia"	"Float32"	"vj_dot"	10	140.23073777623108	3.4619476183550573	0.0	0.0	38.39999999999998	2.9569134437934523e-16
"aX"	"BLAS"	"Float32"	"Base.LinAlg.BLAS.scal!"	10	31.180290700726754	0.25607101955240014	0.0	0.0	1.5999999999999965	1.7721246995908186e-17
"aX"	"MKL"	"Float32"	"MKL.mkl_scal!"	10	34.09691025070231	0.33257911992395395	0.0	0.0	1.6000000000000054	2.7246931784273505e-17
"aX"	"Julia"	"Float32"	"*"	10	34.13775253813891	0.21545654920651724	0.0	0.0	12.800000000000008	4.0348445535702703e-17
"X+Y"	"BLAS"	"Float32"	"Base.LinAlg.axpy!"	10	35.22266929636015	1.2118889718134522	0.0	0.0	1.599999999999996	3.537995991427702e-17
"X+Y"	"MKL"	"Float32"	"MKL.mkl_add!"	10	38.43739557739558	0.8492789558746212	0.0	0.0	0.0	0.0
"X+Y"	"Julia"	"Float32"	"+"	10	36.438768629199615	0.21017909153872685	0.0	0.0	12.79999999999997	1.4406024843999963e-16
"X-Y"	"BLAS"	"Float32"	"Base.LinAlg.axpy!"	10	32.42337369142212	0.8203951452968085	0.0	0.0	1.5999999999999959	2.0037871192905202e-17
"X-Y"	"MKL"	"Float32"	"MKL.mkl_sub!"	10	39.691413536387216	0.4790881761382571	0.0	0.0	0.0	0.0
"X-Y"	"Julia"	"Float32"	"-"	10	34.168034387094565	0.2141888850225097	0.0	0.0	12.799999999999969	2.1555949997911361e-16
"aX+Y"	"BLAS"	"Float32"	"Base.LinAlg.axpy!"	10	30.255390313390315	0.1340489278209375	0.0	0.0	1.6000000000000048	2.423119905893413e-17
"aX+Y"	"MKL"	"Float32"	"MKL.mkl_axpy!"	10	33.75408837223921	0.17523100426886948	0.0	0.0	1.600000000000003	1.575523728509792e-17
"aX+Y"	"Julia"	"Float32"	"vj_axpy"	10	44.38614342643721	0.5548798345750913	0.0	0.0	25.600000000000048	5.029091624346809e-16
"X.Y"	"BLAS"	"Float32"	"nanf"	10	0.0	0.0	0.0	0.0	0.0	0.0
"X.Y"	"MKL"	"Float32"	"MKL.mkl_mul!"	10	39.44912887282218	0.7609874928730508	0.0	0.0	0.0	0.0
"X.Y"	"Julia"	"Float32"	".*"	10	149.54913416290012	0.9177410262930025	0.0	0.0	36.80000000000012	1.3418948819736011e-15
"X^2"	"BLAS"	"Float32"	"nanf"	10	0.0	0.0	0.0	0.0	0.0	0.0
"X^2"	"MKL"	"Float32"	"MKL.mkl_powx!"	10	89.64268035758347	0.560597401037735	0.0	0.0	1.6000000000000014	1.057167694061045e-17
"X^2"	"Julia"	"Float32"	".^"	10	90.80277726794114	0.3937041056995346	0.0	0.0	12.800000000000008	5.688520755525746e-17
"X/Y"	"BLAS"	"Float32"	"nanf"	10	0.0	0.0	0.0	0.0	0.0	0.0
"X/Y"	"MKL"	"Float32"	"MKL.mkl_div!"	10	40.3662144	1.119537983966581	0.0	0.0	0.0	0.0
"X/Y"	"Julia"	"Float32"	"./"	10	161.42733330467306	3.2141093346009013	0.0	0.0	36.80000000000011	1.92009364769807e-15
"1/X"	"BLAS"	"Float32"	"nanf"	10	0.0	0.0	0.0	0.0	0.0	0.0
"1/X"	"MKL"	"Float32"	"MKL.mkl_inv!"	10	41.97078615433581	0.9118828555653594	0.0	0.0	0.0	0.0
"1/X"	"Julia"	"Float32"	"./"	10	42.59215224817286	0.408640595323565	0.0	0.0	12.800000000000006	4.3256098194641786e-17
"|X|"	"BLAS"	"Float32"	"nanf"	10	0.0	0.0	0.0	0.0	0.0	0.0
"|X|"	"MKL"	"Float32"	"MKL.mkl_abs!"	10	44.340423843930076	0.21374741345785525	0.0	0.0	0.0	0.0
"|X|"	"Julia"	"Float32"	"abs"	10	32.236715490774074	0.15636288278517868	0.0	0.0	11.200000000000024	1.4466451019909988e-16
"sqrt(X)"	"BLAS"	"Float32"	"nanf"	10	0.0	0.0	0.0	0.0	0.0	0.0
"sqrt(X)"	"MKL"	"Float32"	"MKL.mkl_sqrt!"	10	49.93403441111853	0.4714729226382648	0.0	0.0	0.0	0.0
"sqrt(X)"	"VJulia"	"Float32"	"sqrt"	10	38.606819601507816	1.071329228634888	0.0	0.0	11.200000000000026	1.8390923025204745e-16
"sqrt(X)"	"LJulia"	"Float32"	"lj_sqrt"	10	32.091318716724246	0.9201572450440553	0.0	0.0	0.0	0.0
"sqrt(X)"	"iLJulia"	"Float32"	"ilj_sqrt"	10	31.862368009302408	0.30647291181083963	0.0	0.0	0.0	0.0
"sqrt(X)"	"MJulia"	"Float32"	"map!"	10	283.548036862484	2.9337048870879183	0.0	0.0	48.0	0.0
"sqrt(X)"	"BJulia"	"Float32"	"broadcast!"	10	64.79440973440973	4.057298277378423	0.0	0.0	1.5999999999999965	2.2133837043907666e-17
"1/sqrt(X)"	"BLAS"	"Float32"	"nanf"	10	0.0	0.0	0.0	0.0	0.0	0.0
"1/sqrt(X)"	"MKL"	"Float32"	"MKL.mkl_invsqrt!"	10	46.03492658544205	1.7486664601606319	0.0	0.0	0.0	0.0
"1/sqrt(X)"	"Julia"	"Float32"	"vj_invsqrt"	10	50.05503954839345	0.6997801237029287	0.0	0.0	22.39999999999997	2.9656967408137667e-16
"dot(X,Y)"	"BLAS"	"Float64"	"Base.LinAlg.BLAS.dot"	10	32.15375143360367	0.15350273064707115	0.0	0.0	1.5999999999999999	1.2941778222472004e-18
"dot(X,Y)"	"MKL"	"Float64"	"MKL.mkl_dot"	10	37.61730087230087	0.2108923597164241	0.0	0.0	1.599999999999996	2.7528630135804544e-17
"dot(X,Y)"	"Julia"	"Float64"	"vj_dot"	10	155.37705725210833	1.7432305316154146	0.0	0.0	41.60000000000008	1.0303299378506488e-15
"aX"	"BLAS"	"Float64"	"Base.LinAlg.BLAS.scal!"	10	46.134327583310856	0.37204925590361254	0.0	0.0	1.6000000000000003	1.2903811927633639e-18
"aX"	"MKL"	"Float64"	"MKL.mkl_scal!"	10	47.08093016804637	0.6793017971358104	0.0	0.0	1.5999999999999965	1.748336362430353e-17
"aX"	"Julia"	"Float64"	"*"	10	46.96709395109396	0.5940589873604175	0.0	0.0	16.0	0.0
"X+Y"	"BLAS"	"Float64"	"Base.LinAlg.axpy!"	10	33.53939924956696	0.3321148216979818	0.0	0.0	1.6	0.0
"X+Y"	"MKL"	"Float64"	"MKL.mkl_add!"	10	41.3801033344496	0.47217037278287916	0.0	0.0	0.0	0.0
"X+Y"	"Julia"	"Float64"	"+"	10	54.85658137932368	0.4103607282119365	0.0	0.0	16.0	0.0
"X-Y"	"BLAS"	"Float64"	"Base.LinAlg.axpy!"	10	45.224003374652185	0.9907434653249946	0.0	0.0	1.6000000000000052	2.5878687594323596e-17
"X-Y"	"MKL"	"Float64"	"MKL.mkl_sub!"	10	67.09449409065495	0.4550263459177409	0.0	0.0	0.0	0.0
"X-Y"	"Julia"	"Float64"	"-"	10	49.28079211570695	0.8077286172253104	0.0	0.0	16.0	0.0
"aX+Y"	"BLAS"	"Float64"	"Base.LinAlg.axpy!"	10	33.77530090589118	0.23612128865719137	0.0	0.0	1.5999999999999965	2.198197600787732e-17
"aX+Y"	"MKL"	"Float64"	"MKL.mkl_axpy!"	10	44.83134894593091	0.5944698797306869	0.0	0.0	1.599999999999996	2.5737865864901934e-17
"aX+Y"	"Julia"	"Float64"	"vj_axpy"	10	55.79919873205952	0.7955833763621961	0.0	0.0	32.0	0.0
"X.Y"	"BLAS"	"Float64"	"nanf"	10	0.0	0.0	0.0	0.0	0.0	0.0
"X.Y"	"MKL"	"Float64"	"MKL.mkl_mul!"	10	42.574004491017966	0.29145373502942634	0.0	0.0	0.0	0.0
"X.Y"	"Julia"	"Float64"	".*"	10	158.38302099112747	1.7537594646361867	0.0	0.0	40.0	0.0
"X^2"	"BLAS"	"Float64"	"nanf"	10	0.0	0.0	0.0	0.0	0.0	0.0
"X^2"	"MKL"	"Float64"	"MKL.mkl_powx!"	10	51.30651688006306	0.3314793060939067	0.0	0.0	1.599999999999996	2.6166674998012828e-17
"X^2"	"Julia"	"Float64"	".^"	10	51.204000774405884	0.36717911214160104	0.0	0.0	16.0	0.0
"X/Y"	"BLAS"	"Float64"	"nanf"	10	0.0	0.0	0.0	0.0	0.0	0.0
"X/Y"	"MKL"	"Float64"	"MKL.mkl_div!"	10	54.57591987230458	0.42428055104228374	0.0	0.0	0.0	0.0
"X/Y"	"Julia"	"Float64"	"./"	10	162.9587838242636	2.2058125641895128	0.0	0.0	40.0	0.0
"1/X"	"BLAS"	"Float64"	"nanf"	10	0.0	0.0	0.0	0.0	0.0	0.0
"1/X"	"MKL"	"Float64"	"MKL.mkl_inv!"	10	57.624325182325194	0.6913940311982041	0.0	0.0	0.0	0.0
"1/X"	"Julia"	"Float64"	"./"	10	50.81158178610678	1.8949980454808895	0.0	0.0	16.0	0.0
"|X|"	"BLAS"	"Float64"	"nanf"	10	0.0	0.0	0.0	0.0	0.0	0.0
"|X|"	"MKL"	"Float64"	"MKL.mkl_abs!"	10	48.66302242878772	1.8152552020220551	0.0	0.0	0.0	0.0
"|X|"	"Julia"	"Float64"	"abs"	10	40.418699205008174	0.5311143902471861	0.0	0.0	14.400000000000043	2.584729613226092e-16
"sqrt(X)"	"BLAS"	"Float64"	"nanf"	10	0.0	0.0	0.0	0.0	0.0	0.0
"sqrt(X)"	"MKL"	"Float64"	"MKL.mkl_sqrt!"	10	54.54370013639862	0.6387489383847099	0.0	0.0	0.0	0.0
"sqrt(X)"	"VJulia"	"Float64"	"sqrt"	10	46.56310470121304	0.9787047776614406	0.0	0.0	14.400000000000047	2.8127350293045314e-16
"sqrt(X)"	"LJulia"	"Float64"	"lj_sqrt"	10	37.755006783782356	1.7122284703087978	0.0	0.0	0.0	0.0
"sqrt(X)"	"iLJulia"	"Float64"	"ilj_sqrt"	10	39.58970569105691	1.9250067387859064	0.0	0.0	0.0	0.0
"sqrt(X)"	"MJulia"	"Float64"	"map!"	10	165.7902343595621	3.7685405470245468	0.0	0.0	48.0	0.0
"sqrt(X)"	"BJulia"	"Float64"	"broadcast!"	10	168.34289132766733	18.484972121334593	0.0	0.0	1.5999999999999994	1.5587019749998862e-17
"1/sqrt(X)"	"BLAS"	"Float64"	"nanf"	10	0.0	0.0	0.0	0.0	0.0	0.0
"1/sqrt(X)"	"MKL"	"Float64"	"MKL.mkl_invsqrt!"	10	54.71708926055989	0.8322486937389024	0.0	0.0	0.0	0.0
"1/sqrt(X)"	"Julia"	"Float64"	"vj_invsqrt"	10	64.60032281205164	1.0538386220312623	0.0	0.0	28.800000000000086	1.1116899774453571e-15
"dot(X,Y)"	"BLAS"	"Float32"	"Base.LinAlg.BLAS.dot"	100	6.577534591327424	0.4421958843007999	0.0	0.0	0.16000000000000014	1.1599934477408278e-18
"dot(X,Y)"	"MKL"	"Float32"	"MKL.mkl_dot"	100	4.073722539152481	0.06581310837374796	0.0	0.0	0.15999999999999936	4.57179509817922e-18
"dot(X,Y)"	"Julia"	"Float32"	"vj_dot"	100	18.57073179606131	0.24998042017420338	0.0	0.0	8.160000000000014	2.468676410885512e-16
"aX"	"BLAS"	"Float32"	"Base.LinAlg.BLAS.scal!"	100	3.4764053766759253	0.05551551150597111	0.0	0.0	0.16000000000000006	2.7910061111362723e-19
"aX"	"MKL"	"Float32"	"MKL.mkl_scal!"	100	3.6629793221793214	0.026228977752704975	0.0	0.0	0.16000000000000014	8.549422819213413e-19
"aX"	"Julia"	"Float32"	"*"	100	4.405194184203942	0.03275874737144979	0.0	0.0	5.600000000000014	9.650116066421494e-17
"X+Y"	"BLAS"	"Float32"	"Base.LinAlg.axpy!"	100	3.859257610768524	0.03898017359355015	0.0	0.0	0.1600000000000001	4.001098044487981e-19
"X+Y"	"MKL"	"Float32"	"MKL.mkl_add!"	100	8.79714316082859	1.05657489940604	0.0	0.0	0.0	0.0
"X+Y"	"Julia"	"Float32"	"+"	100	4.879894082996639	0.14350022138742533	0.0	0.0	5.600000000000004	3.514598866830248e-17
"X-Y"	"BLAS"	"Float32"	"Base.LinAlg.axpy!"	100	4.9160209088669085	0.21066049786041274	0.0	0.0	0.16000000000000011	5.365375235092262e-19
"X-Y"	"MKL"	"Float32"	"MKL.mkl_sub!"	100	6.877664745296214	0.07178502850150119	0.0	0.0	0.0	0.0
"X-Y"	"Julia"	"Float32"	"-"	100	5.523029178364935	0.07978672943903697	0.0	0.0	5.600000000000014	9.267615774918409e-17
"aX+Y"	"BLAS"	"Float32"	"Base.LinAlg.axpy!"	100	3.3746600515373766	0.061930507615835996	0.0	0.0	0.16000000000000011	6.904998608402603e-19
"aX+Y"	"MKL"	"Float32"	"MKL.mkl_axpy!"	100	6.543499632667642	0.35473326541786226	0.0	0.0	0.16000000000000014	9.2804733583816e-19
"aX+Y"	"Julia"	"Float32"	"vj_axpy"	100	6.161466567164179	0.22276277472974812	0.0	0.0	11.200000000000026	3.749925413890129e-16
"X.Y"	"BLAS"	"Float32"	"nanf"	100	0.0	0.0	0.0	0.0	0.0	0.0
"X.Y"	"MKL"	"Float32"	"MKL.mkl_mul!"	100	5.239764803322716	0.16396442163012387	0.0	0.0	0.0	0.0
"X.Y"	"Julia"	"Float32"	".*"	100	26.12400904264145	0.5255024300824136	0.0	0.0	8.0	0.0
"X^2"	"BLAS"	"Float32"	"nanf"	100	0.0	0.0	0.0	0.0	0.0	0.0
"X^2"	"MKL"	"Float32"	"MKL.mkl_powx!"	100	11.747892789731974	0.06484963009287138	0.0	0.0	0.16000000000000011	1.1112700374313914e-18
"X^2"	"Julia"	"Float32"	".^"	100	68.50327850205618	0.705145186896611	0.0	0.0	5.600000000000016	3.8521632669695734e-16
"X/Y"	"BLAS"	"Float32"	"nanf"	100	0.0	0.0	0.0	0.0	0.0	0.0
"X/Y"	"MKL"	"Float32"	"MKL.mkl_div!"	100	7.587410681608803	0.03289132818043881	0.0	0.0	0.0	0.0
"X/Y"	"Julia"	"Float32"	"./"	100	19.474837561077035	0.1546287843719583	0.0	0.0	8.0	0.0
"1/X"	"BLAS"	"Float32"	"nanf"	100	0.0	0.0	0.0	0.0	0.0	0.0
"1/X"	"MKL"	"Float32"	"MKL.mkl_inv!"	100	5.486878779487246	0.03021128443975216	0.0	0.0	0.0	0.0
"1/X"	"Julia"	"Float32"	"./"	100	8.866249379185792	0.053584824508072594	0.0	0.0	5.600000000000012	1.242560224347144e-16
"|X|"	"BLAS"	"Float32"	"nanf"	100	0.0	0.0	0.0	0.0	0.0	0.0
"|X|"	"MKL"	"Float32"	"MKL.mkl_abs!"	100	5.3064565434002	0.040268236984118126	0.0	0.0	0.0	0.0
"|X|"	"Julia"	"Float32"	"abs"	100	4.967578147712764	0.0296102686537624	0.0	0.0	5.44000000000002	1.7894468158897235e-16
"sqrt(X)"	"BLAS"	"Float32"	"nanf"	100	0.0	0.0	0.0	0.0	0.0	0.0
"sqrt(X)"	"MKL"	"Float32"	"MKL.mkl_sqrt!"	100	5.847587809728305	0.1833745532226341	0.0	0.0	0.0	0.0
"sqrt(X)"	"VJulia"	"Float32"	"sqrt"	100	8.483122033898304	0.04708309796259663	0.0	0.0	5.440000000000025	2.0226792825947373e-16
"sqrt(X)"	"LJulia"	"Float32"	"lj_sqrt"	100	9.884934693206121	0.0405177324191608	0.0	0.0	0.0	0.0
"sqrt(X)"	"iLJulia"	"Float32"	"ilj_sqrt"	100	11.15089737943954	0.07456786818655184	0.0	0.0	0.0	0.0
"sqrt(X)"	"MJulia"	"Float32"	"map!"	100	156.3547729566095	2.2359769264304172	0.0	0.0	48.0	0.0
"sqrt(X)"	"BJulia"	"Float32"	"broadcast!"	100	9.69848918915738	0.11733796272831791	0.0	0.0	0.16000000000000011	9.811153206700402e-19
"1/sqrt(X)"	"BLAS"	"Float32"	"nanf"	100	0.0	0.0	0.0	0.0	0.0	0.0
"1/sqrt(X)"	"MKL"	"Float32"	"MKL.mkl_invsqrt!"	100	5.122572293235911	0.029518205519590796	0.0	0.0	0.0	0.0
"1/sqrt(X)"	"Julia"	"Float32"	"vj_invsqrt"	100	14.839073424236348	0.07419000024612131	0.0	0.0	10.880000000000061	6.359449610890054e-16
"dot(X,Y)"	"BLAS"	"Float64"	"Base.LinAlg.BLAS.dot"	100	4.526467788516471	0.021799136875327734	0.0	0.0	0.15999999999999942	2.980133163904915e-18
"dot(X,Y)"	"MKL"	"Float64"	"MKL.mkl_dot"	100	4.10052814703656	0.07530681534736265	0.0	0.0	0.1600000000000001	5.526811403114529e-19
"dot(X,Y)"	"Julia"	"Float64"	"vj_dot"	100	24.585489170358173	0.295817764839013	0.0	0.0	11.680000000000023	2.806474513435298e-16
"aX"	"BLAS"	"Float64"	"Base.LinAlg.BLAS.scal!"	100	4.622214133635335	0.03663518617301115	0.0	0.0	0.15999999999999984	9.129966752115726e-19
"aX"	"MKL"	"Float64"	"MKL.mkl_scal!"	100	4.310182072982073	0.03895579316284085	0.0	0.0	0.16000000000000011	5.456058381762667e-19
"aX"	"Julia"	"Float64"	"*"	100	5.777497524765173	0.07707529533450877	0.0	0.0	9.119999999999958	2.383613226709492e-16
"X+Y"	"BLAS"	"Float64"	"Base.LinAlg.axpy!"	100	5.228051810978958	0.07545856756668333	0.0	0.0	0.16000000000000006	2.709229103637084e-19
"X+Y"	"MKL"	"Float64"	"MKL.mkl_add!"	100	5.7605457074188395	0.05044485845800468	0.0	0.0	0.0	0.0
"X+Y"	"Julia"	"Float64"	"+"	100	5.396373702273702	0.021370576083316477	0.0	0.0	9.119999999999946	2.843140629208661e-16
"X-Y"	"BLAS"	"Float64"	"Base.LinAlg.axpy!"	100	3.3660193173648167	0.03549088566416353	0.0	0.0	0.15999999999999998	1.5548891007905162e-19
"X-Y"	"MKL"	"Float64"	"MKL.mkl_sub!"	100	5.526693043265052	0.1213708519125646	0.0	0.0	0.0	0.0
"X-Y"	"Julia"	"Float64"	"-"	100	5.881467214934755	0.03995863051702902	0.0	0.0	9.119999999999948	2.74195415648235e-16
"aX+Y"	"BLAS"	"Float64"	"Base.LinAlg.axpy!"	100	3.427487920363279	0.03452362619904135	0.0	0.0	0.1599999999999995	2.586616497144743e-18
"aX+Y"	"MKL"	"Float64"	"MKL.mkl_axpy!"	100	3.822410820784869	0.024984093120702686	0.0	0.0	0.16000000000000011	7.341275889249403e-19
"aX+Y"	"Julia"	"Float64"	"vj_axpy"	100	6.304037428638989	0.0454944583011486	0.0	0.0	18.23999999999993	5.834516116777143e-16
"X.Y"	"BLAS"	"Float64"	"nanf"	100	0.0	0.0	0.0	0.0	0.0	0.0
"X.Y"	"MKL"	"Float64"	"MKL.mkl_mul!"	100	8.464891035543562	0.3061134413583897	0.0	0.0	0.0	0.0
"X.Y"	"Julia"	"Float64"	".*"	100	15.961340982846545	0.4909478160934754	0.0	0.0	11.519999999999985	1.7623909022887726e-16
"X^2"	"BLAS"	"Float64"	"nanf"	100	0.0	0.0	0.0	0.0	0.0	0.0
"X^2"	"MKL"	"Float64"	"MKL.mkl_powx!"	100	8.088416718321083	0.40711716899370703	0.0	0.0	0.1599999999999995	3.6512415471584786e-18
"X^2"	"Julia"	"Float64"	".^"	100	15.546257526143444	0.0877642321878874	0.0	0.0	9.119999999999989	1.0664650088511475e-16
"X/Y"	"BLAS"	"Float64"	"nanf"	100	0.0	0.0	0.0	0.0	0.0	0.0
"X/Y"	"MKL"	"Float64"	"MKL.mkl_div!"	100	8.391331998935108	0.042321896868900526	0.0	0.0	0.0	0.0
"X/Y"	"Julia"	"Float64"	"./"	100	22.291949920991854	0.14491063984862745	0.0	0.0	11.519999999999987	1.579228089744281e-16
"1/X"	"BLAS"	"Float64"	"nanf"	100	0.0	0.0	0.0	0.0	0.0	0.0
"1/X"	"MKL"	"Float64"	"MKL.mkl_inv!"	100	8.453444430677727	0.04530130670459383	0.0	0.0	0.0	0.0
"1/X"	"Julia"	"Float64"	"./"	100	11.38942945160678	0.062306792656320144	0.0	0.0	9.119999999999958	3.418261793488559e-16
"|X|"	"BLAS"	"Float64"	"nanf"	100	0.0	0.0	0.0	0.0	0.0	0.0
"|X|"	"MKL"	"Float64"	"MKL.mkl_abs!"	100	5.268423715536079	0.116333561854503	0.0	0.0	0.0	0.0
"|X|"	"Julia"	"Float64"	"abs"	100	5.460757712848637	0.1627580153023352	0.0	0.0	8.960000000000026	1.3798617267258097e-16
"sqrt(X)"	"BLAS"	"Float64"	"nanf"	100	0.0	0.0	0.0	0.0	0.0	0.0
"sqrt(X)"	"MKL"	"Float64"	"MKL.mkl_sqrt!"	100	9.250442599363755	0.4353103306231974	0.0	0.0	0.0	0.0
"sqrt(X)"	"VJulia"	"Float64"	"sqrt"	100	14.506053403871714	0.09187463802553783	0.0	0.0	8.960000000000019	1.6598945553394626e-16
"sqrt(X)"	"LJulia"	"Float64"	"lj_sqrt"	100	9.807859879171533	0.06627772189116365	0.0	0.0	0.0	0.0
"sqrt(X)"	"iLJulia"	"Float64"	"ilj_sqrt"	100	12.628274896851616	0.05515565644005282	0.0	0.0	0.0	0.0
"sqrt(X)"	"MJulia"	"Float64"	"map!"	100	116.61056012848825	1.8804087406531436	0.0	0.0	48.0	0.0
"sqrt(X)"	"BJulia"	"Float64"	"broadcast!"	100	11.865867685526059	0.05851239769554212	0.0	0.0	0.16000000000000011	9.951831593479062e-19
"1/sqrt(X)"	"BLAS"	"Float64"	"nanf"	100	0.0	0.0	0.0	0.0	0.0	0.0
"1/sqrt(X)"	"MKL"	"Float64"	"MKL.mkl_invsqrt!"	100	7.327372357662305	0.07279786079255252	0.0	0.0	0.0	0.0
"1/sqrt(X)"	"Julia"	"Float64"	"vj_invsqrt"	100	18.124609618988128	0.14182318903860522	0.0	0.0	17.920000000000048	6.648394138635583e-16
"dot(X,Y)"	"BLAS"	"Float32"	"Base.LinAlg.BLAS.dot"	1000	0.8844882001102926	0.005173472843279882	0.0	0.0	0.03200000000000003	2.6884142706476827e-19
"dot(X,Y)"	"MKL"	"Float32"	"MKL.mkl_dot"	1000	0.46561736172989804	0.0037605337289807884	0.0	0.0	0.03200000000000003	2.532751932249029e-19
"dot(X,Y)"	"Julia"	"Float32"	"vj_dot"	1000	3.593597171421605	0.07491802255329685	0.0	0.0	4.384000000000011	2.143566197831547e-16
"aX"	"BLAS"	"Float32"	"Base.LinAlg.BLAS.scal!"	1000	0.5607355276679227	0.0036083833233810604	0.0	0.0	0.03200000000000003	1.628742317442387e-19
"aX"	"MKL"	"Float32"	"MKL.mkl_scal!"	1000	0.44502032062787106	0.002041412108712056	0.0	0.0	0.03200000000000003	1.60980445133777e-19
"aX"	"Julia"	"Float32"	"*"	1000	1.1651139644552804	0.10999321626939701	0.0	0.0	4.096000000000004	3.6650798351967226e-17
"X+Y"	"BLAS"	"Float32"	"Base.LinAlg.axpy!"	1000	0.4878787768987661	0.019535463388638957	0.0	0.0	0.01600000000000001	6.944831851714782e-20
"X+Y"	"MKL"	"Float32"	"MKL.mkl_add!"	1000	0.7449418263179975	0.006840621596894672	0.0	0.0	0.016000000000000014	9.697922990025096e-20
"X+Y"	"Julia"	"Float32"	"+"	1000	1.1807374825748258	0.10195935291306668	0.0	0.0	4.111999999999989	1.1117987955451167e-16
"X-Y"	"BLAS"	"Float32"	"Base.LinAlg.axpy!"	1000	0.6032910441676105	0.003161079557546641	0.0	0.0	0.01600000000000001	5.706229220072329e-20
"X-Y"	"MKL"	"Float32"	"MKL.mkl_sub!"	1000	0.5882683956383834	0.007099408709223298	0.0	0.0	0.016000000000000014	1.004104139928231e-19
"X-Y"	"Julia"	"Float32"	"-"	1000	1.2619364468802123	0.07742421659140834	0.0	0.0	4.111999999999989	8.008785702964667e-17
"aX+Y"	"BLAS"	"Float32"	"Base.LinAlg.axpy!"	1000	0.6597026883891511	0.0030898533001095475	0.0	0.0	0.01600000000000001	6.898101742578304e-20
"aX+Y"	"MKL"	"Float32"	"MKL.mkl_axpy!"	1000	0.5074041514505985	0.0051021848849038655	0.0	0.0	0.03200000000000002	1.3501299145308622e-19
"aX+Y"	"Julia"	"Float32"	"vj_axpy"	1000	2.3295597656661795	0.17145694747747023	0.0	0.0	8.207999999999995	5.327022204893143e-17
"X.Y"	"BLAS"	"Float32"	"nanf"	1000	0.0	0.0	0.0	0.0	0.0	0.0
"X.Y"	"MKL"	"Float32"	"MKL.mkl_mul!"	1000	0.6058991135817308	0.004237020005027796	0.0	0.0	0.01600000000000001	6.707916805222206e-20
"X.Y"	"Julia"	"Float32"	".*"	1000	3.7836846634445362	0.21414439388773987	0.0	0.0	4.368000000000002	3.5129369895171953e-17
"X^2"	"BLAS"	"Float32"	"nanf"	1000	0.0	0.0	0.0	0.0	0.0	0.0
"X^2"	"MKL"	"Float32"	"MKL.mkl_powx!"	1000	1.2094666435802897	0.022065155191376147	0.0	0.0	0.03200000000000002	2.4200930552411897e-19
"X^2"	"Julia"	"Float32"	".^"	1000	10.026995706898234	0.20293909864654772	0.0	0.0	4.096000000000003	6.779832940995755e-17
"X/Y"	"BLAS"	"Float32"	"nanf"	1000	0.0	0.0	0.0	0.0	0.0	0.0
"X/Y"	"MKL"	"Float32"	"MKL.mkl_div!"	1000	2.5365704051712648	0.05936480944266195	0.0	0.0	0.01600000000000001	1.094308409716982e-19
"X/Y"	"Julia"	"Float32"	"./"	1000	7.146363636363637	0.26193557899893444	0.0	0.0	4.368000000000009	2.3058523450801194e-16
"1/X"	"BLAS"	"Float32"	"nanf"	1000	0.0	0.0	0.0	0.0	0.0	0.0
"1/X"	"MKL"	"Float32"	"MKL.mkl_inv!"	1000	2.5009759413915056	0.050252053352217885	0.0	0.0	0.01600000000000001	1.0335075194288559e-19
"1/X"	"Julia"	"Float32"	"./"	1000	5.561792798149983	0.17874375434485387	0.0	0.0	4.096000000000004	7.438757872533826e-17
"|X|"	"BLAS"	"Float32"	"nanf"	1000	0.0	0.0	0.0	0.0	0.0	0.0
"|X|"	"MKL"	"Float32"	"MKL.mkl_abs!"	1000	0.6486225124196022	0.004646811486300851	0.0	0.0	0.016000000000000014	1.1167716622912505e-19
"|X|"	"Julia"	"Float32"	"abs"	1000	1.9676045331661638	0.12831163597068887	0.0	0.0	4.080000000000012	1.3163883938482097e-16
"sqrt(X)"	"BLAS"	"Float32"	"nanf"	1000	0.0	0.0	0.0	0.0	0.0	0.0
"sqrt(X)"	"MKL"	"Float32"	"MKL.mkl_sqrt!"	1000	1.096892967509335	0.005225115061128099	0.0	0.0	0.01600000000000001	8.782178893322325e-20
"sqrt(X)"	"VJulia"	"Float32"	"sqrt"	1000	5.165375996249414	0.11835101892122445	0.0	0.0	4.080000000000001	1.6512465595487745e-17
"sqrt(X)"	"LJulia"	"Float32"	"lj_sqrt"	1000	4.926236294165628	0.04380119436862302	0.0	0.0	0.0	0.0
"sqrt(X)"	"iLJulia"	"Float32"	"ilj_sqrt"	1000	4.984185073465017	0.030068509089452307	0.0	0.0	0.0	0.0
"sqrt(X)"	"MJulia"	"Float32"	"map!"	1000	220.00567368421054	11.579820032260004	0.0	0.0	48.0	0.0
"sqrt(X)"	"BJulia"	"Float32"	"broadcast!"	1000	5.940087103308575	0.042707609093337116	0.0	0.0	0.016000000000000014	3.2842267051645133e-19
"1/sqrt(X)"	"BLAS"	"Float32"	"nanf"	1000	0.0	0.0	0.0	0.0	0.0	0.0
"1/sqrt(X)"	"MKL"	"Float32"	"MKL.mkl_invsqrt!"	1000	1.5109192124009498	0.015327094916569306	0.0	0.0	0.01600000000000001	9.792214090346504e-20
"1/sqrt(X)"	"Julia"	"Float32"	"vj_invsqrt"	1000	10.565130889322555	0.49273034861265613	0.0	0.0	8.160000000000029	8.644041818870785e-16
"dot(X,Y)"	"BLAS"	"Float64"	"Base.LinAlg.BLAS.dot"	1000	0.5943486220256772	0.003359582649511405	0.0	0.0	0.03200000000000002	1.692239098573989e-19
"dot(X,Y)"	"MKL"	"Float64"	"MKL.mkl_dot"	1000	0.6176078924460782	0.0032982684054767117	0.0	0.0	0.03200000000000002	1.8644337058474967e-19
"dot(X,Y)"	"Julia"	"Float64"	"vj_dot"	1000	3.91299066874028	0.2983655106758717	0.0	0.0	8.384000000000013	2.3061655247631817e-16
"aX"	"BLAS"	"Float64"	"Base.LinAlg.BLAS.scal!"	1000	0.5677912673160702	0.01896001836102246	0.0	0.0	0.03200000000000002	1.677730311372723e-19
"aX"	"MKL"	"Float64"	"MKL.mkl_scal!"	1000	0.543297133660331	0.005011128323140391	0.0	0.0	0.03200000000000002	1.659639238546849e-19
"aX"	"Julia"	"Float64"	"*"	1000	2.2013164029663943	0.21265774869003143	0.0	0.0	8.096000000000002	1.977609580740478e-17
"X+Y"	"BLAS"	"Float64"	"Base.LinAlg.axpy!"	1000	0.6749181220511022	0.020550664098355424	0.0	0.0	0.01600000000000001	6.830030330573701e-20
"X+Y"	"MKL"	"Float64"	"MKL.mkl_add!"	1000	0.9478461984263201	0.02748874646235157	0.0	0.0	0.016000000000000014	1.6877107119535122e-19
"X+Y"	"Julia"	"Float64"	"+"	1000	2.2150932008932007	0.1775802736426693	0.0	0.0	8.112000000000032	3.2320920337898716e-16
"X-Y"	"BLAS"	"Float64"	"Base.LinAlg.axpy!"	1000	0.6570665725601436	0.007098353503696188	0.0	0.0	0.01600000000000001	6.934486463728176e-20
"X-Y"	"MKL"	"Float64"	"MKL.mkl_sub!"	1000	0.9519244517354516	0.02513824938101003	0.0	0.0	0.01600000000000001	1.0170312676632762e-19
"X-Y"	"Julia"	"Float64"	"-"	1000	2.482836257309941	0.8501172651712281	0.0	0.0	8.112000000000005	1.9494642958070433e-16
"aX+Y"	"BLAS"	"Float64"	"Base.LinAlg.axpy!"	1000	0.6470434630938385	0.012287541195737424	0.0	0.0	0.01600000000000001	6.814238280732509e-20
"aX+Y"	"MKL"	"Float64"	"MKL.mkl_axpy!"	1000	1.1535676989415915	0.043410011322253264	0.0	0.0	0.03200000000000002	1.7944929730916195e-19
"aX+Y"	"Julia"	"Float64"	"vj_axpy"	1000	4.7847710987261145	0.5694356233328423	0.0	0.0	16.20800000000004	7.746660592928952e-16
"X.Y"	"BLAS"	"Float64"	"nanf"	1000	0.0	0.0	0.0	0.0	0.0	0.0
"X.Y"	"MKL"	"Float64"	"MKL.mkl_mul!"	1000	1.9947168810808318	0.08740343212432854	0.0	0.0	0.016000000000000007	7.007293322370112e-20
"X.Y"	"Julia"	"Float64"	".*"	1000	4.047410570592538	0.4246682813402903	0.0	0.0	8.368	0.0
"X^2"	"BLAS"	"Float64"	"nanf"	1000	0.0	0.0	0.0	0.0	0.0	0.0
"X^2"	"MKL"	"Float64"	"MKL.mkl_powx!"	1000	1.1960709254390238	0.04499592614571607	0.0	0.0	0.03200000000000002	2.160192250131361e-19
"X^2"	"Julia"	"Float64"	".^"	1000	12.436951961569257	0.4797472570085335	0.0	0.0	8.096	0.0
"X/Y"	"BLAS"	"Float64"	"nanf"	1000	0.0	0.0	0.0	0.0	0.0	0.0
"X/Y"	"MKL"	"Float64"	"MKL.mkl_div!"	1000	4.14646822094987	0.027932894591118036	0.0	0.0	0.01600000000000001	1.7207192663032298e-19
"X/Y"	"Julia"	"Float64"	"./"	1000	8.799887067568855	0.3000480456239071	0.0	0.0	8.368000000000004	8.934045228439137e-17
"1/X"	"BLAS"	"Float64"	"nanf"	1000	0.0	0.0	0.0	0.0	0.0	0.0
"1/X"	"MKL"	"Float64"	"MKL.mkl_inv!"	1000	3.985329571377116	0.02845329042692909	0.0	0.0	0.016000000000000014	2.261460229598387e-19
"1/X"	"Julia"	"Float64"	"./"	1000	7.9218667179093005	0.3606857853509602	0.0	0.0	8.096000000000002	4.011671241935084e-17
"|X|"	"BLAS"	"Float64"	"nanf"	1000	0.0	0.0	0.0	0.0	0.0	0.0
"|X|"	"MKL"	"Float64"	"MKL.mkl_abs!"	1000	1.2425453054067896	0.016788222263718858	0.0	0.0	0.01600000000000001	7.898798532063163e-20
"|X|"	"Julia"	"Float64"	"abs"	1000	2.5655271439811176	0.26876448907597594	0.0	0.0	8.080000000000013	1.7290079990146788e-16
"sqrt(X)"	"BLAS"	"Float64"	"nanf"	1000	0.0	0.0	0.0	0.0	0.0	0.0
"sqrt(X)"	"MKL"	"Float64"	"MKL.mkl_sqrt!"	1000	3.89704779128571	0.07261805766239007	0.0	0.0	0.01600000000000001	1.551558764580849e-19
"sqrt(X)"	"VJulia"	"Float64"	"sqrt"	1000	8.090989767841789	0.38158925819764217	0.0	0.0	8.07999999999999	2.54581802557785e-16
"sqrt(X)"	"LJulia"	"Float64"	"lj_sqrt"	1000	7.283802567684427	0.05073853953715155	0.0	0.0	0.0	0.0
"sqrt(X)"	"iLJulia"	"Float64"	"ilj_sqrt"	1000	7.882565913577539	0.06875359133489453	0.0	0.0	0.0	0.0
"sqrt(X)"	"MJulia"	"Float64"	"map!"	1000	151.55369049951028	10.282250617287868	0.0	0.0	48.0	0.0
"sqrt(X)"	"BJulia"	"Float64"	"broadcast!"	1000	8.53414330999868	0.04408067331468776	0.0	0.0	0.016000000000000014	4.108557625491136e-19
"1/sqrt(X)"	"BLAS"	"Float64"	"nanf"	1000	0.0	0.0	0.0	0.0	0.0	0.0
"1/sqrt(X)"	"MKL"	"Float64"	"MKL.mkl_invsqrt!"	1000	3.36574991694904	0.030392928974696223	0.0	0.0	0.016000000000000014	2.060377793805665e-19
"1/sqrt(X)"	"Julia"	"Float64"	"vj_invsqrt"	1000	15.76662704359673	0.7242184764838828	0.0	0.0	16.15999999999998	7.165928951159324e-16
"dot(X,Y)"	"BLAS"	"Float32"	"Base.LinAlg.BLAS.dot"	10000	0.7193730757014294	0.007761979283053708	0.0	0.0	0.0031999999999999928	1.9541517065535315e-19
"dot(X,Y)"	"MKL"	"Float32"	"MKL.mkl_dot"	10000	0.4776214861625627	0.06643288592641246	0.0	0.0	0.0031999999999999884	1.6828670972411264e-19
"dot(X,Y)"	"Julia"	"Float32"	"vj_dot"	10000	2.5344620098039217	0.1757762686380229	0.0	0.0	4.036799999999993	2.865698066809773e-16
"aX"	"BLAS"	"Float32"	"Base.LinAlg.BLAS.scal!"	10000	0.18210244402239106	0.001431376092736069	0.0	0.0	0.0031999999999999884	1.2310969609316048e-19
"aX"	"MKL"	"Float32"	"MKL.mkl_scal!"	10000	0.23694146092184368	0.0017451658332979182	0.0	0.0	0.0031999999999999906	1.1001809070707048e-19
"aX"	"Julia"	"Float32"	"*"	10000	1.0047591022763707	0.0954063657765132	0.0	0.0	4.008000000000014	2.931288161888172e-16
"X+Y"	"BLAS"	"Float32"	"Base.LinAlg.axpy!"	10000	0.39976926486134823	0.004310478284514961	0.0	0.0	0.0015999999999999949	6.044263965594259e-20
"X+Y"	"MKL"	"Float32"	"MKL.mkl_add!"	10000	0.27555658396946564	0.002545133333016108	0.0	0.0	0.0015999999999999944	8.633280413375468e-20
"X+Y"	"Julia"	"Float32"	"+"	10000	1.018722977822766	0.0721827553194022	0.0	0.0	4.009599999999987	2.1726285993139899e-16
"X-Y"	"BLAS"	"Float32"	"Base.LinAlg.axpy!"	10000	0.31425216871018813	0.005213843109599731	0.0	0.0	0.0015999999999999944	6.23107256231604e-20
"X-Y"	"MKL"	"Float32"	"MKL.mkl_sub!"	10000	0.28316268022058333	0.001828805627874391	0.0	0.0	0.0015999999999999942	8.692218817617649e-20
"X-Y"	"Julia"	"Float32"	"-"	10000	0.9888970673567002	0.0952243680947506	0.0	0.0	4.009599999999986	3.2415156820765435e-16
"aX+Y"	"BLAS"	"Float32"	"Base.LinAlg.axpy!"	10000	0.23661743702824187	0.004126278889411334	0.0	0.0	0.0015999999999999968	4.454703460087043e-20
"aX+Y"	"MKL"	"Float32"	"MKL.mkl_axpy!"	10000	0.3763770268878129	0.023270117914864944	0.0	0.0	0.0031999999999999923	2.0409844960357966e-19
"aX+Y"	"Julia"	"Float32"	"vj_axpy"	10000	2.065300398279433	0.2085831843292096	0.0	0.0	8.017599999999973	8.663573887587047e-16
"X.Y"	"BLAS"	"Float32"	"nanf"	10000	0.0	0.0	0.0	0.0	0.0	0.0
"X.Y"	"MKL"	"Float32"	"MKL.mkl_mul!"	10000	0.3269819702491188	0.0022172402574728157	0.0	0.0	0.0015999999999999975	3.6632396252718853e-20
"X.Y"	"Julia"	"Float32"	".*"	10000	1.779001713510848	0.11676152754260577	0.0	0.0	4.03520000000001	3.0483255185806774e-16
"X^2"	"BLAS"	"Float32"	"nanf"	10000	0.0	0.0	0.0	0.0	0.0	0.0
"X^2"	"MKL"	"Float32"	"MKL.mkl_powx!"	10000	0.40793421843360117	0.0038321479287503437	0.0	0.0	0.0031999999999999884	1.7237321866688e-19
"X^2"	"Julia"	"Float32"	".^"	10000	9.046609164420486	0.3420045467147399	0.0	0.0	4.007999999999996	3.4303221458227386e-16
"X/Y"	"BLAS"	"Float32"	"nanf"	10000	0.0	0.0	0.0	0.0	0.0	0.0
"X/Y"	"MKL"	"Float32"	"MKL.mkl_div!"	10000	1.2396646526363433	0.009926768255928396	0.0	0.0	0.001599999999999997	8.31826892192751e-20
"X/Y"	"Julia"	"Float32"	"./"	10000	5.126638641304346	0.24144893469616616	0.0	0.0	4.035200000000008	4.801411642370752e-16
"1/X"	"BLAS"	"Float32"	"nanf"	10000	0.0	0.0	0.0	0.0	0.0	0.0
"1/X"	"MKL"	"Float32"	"MKL.mkl_inv!"	10000	1.2448745640201928	0.010077384693958356	0.0	0.0	0.001599999999999997	8.376289681686556e-20
"1/X"	"Julia"	"Float32"	"./"	10000	4.745347223476298	0.13679694749813814	0.0	0.0	4.007999999999996	2.431075756657669e-16
"|X|"	"BLAS"	"Float32"	"nanf"	10000	0.0	0.0	0.0	0.0	0.0	0.0
"|X|"	"MKL"	"Float32"	"MKL.mkl_abs!"	10000	0.3307551179416927	0.0029422659911539006	0.0	0.0	0.0015999999999999955	7.674654194482687e-20
"|X|"	"Julia"	"Float32"	"abs"	10000	1.7829637519460302	0.11493505693540522	0.0	0.0	4.006399999999991	2.6060012331754735e-16
"sqrt(X)"	"BLAS"	"Float32"	"nanf"	10000	0.0	0.0	0.0	0.0	0.0	0.0
"sqrt(X)"	"MKL"	"Float32"	"MKL.mkl_sqrt!"	10000	0.7275873740084691	0.00908239586854748	0.0	0.0	0.0015999999999999973	5.60771546958498e-20
"sqrt(X)"	"VJulia"	"Float32"	"sqrt"	10000	5.166454125412542	0.16886577883276493	0.0	0.0	4.006399999999996	2.484387699025199e-16
"sqrt(X)"	"LJulia"	"Float32"	"lj_sqrt"	10000	4.997153829511034	0.05922693603081585	0.0	0.0	0.0	0.0
"sqrt(X)"	"iLJulia"	"Float32"	"ilj_sqrt"	10000	4.45785889908257	0.05708334321410339	0.0	0.0	0.0	0.0
"sqrt(X)"	"MJulia"	"Float32"	"map!"	10000	213.87444615384615	39.29333007102258	0.0	0.0	48.0	0.0
"sqrt(X)"	"BJulia"	"Float32"	"broadcast!"	10000	6.259609072375126	0.11634371158430122	0.0	0.0	0.0015999999999999942	4.817348602479714e-19
"1/sqrt(X)"	"BLAS"	"Float32"	"nanf"	10000	0.0	0.0	0.0	0.0	0.0	0.0
"1/sqrt(X)"	"MKL"	"Float32"	"MKL.mkl_invsqrt!"	10000	0.6912511256914964	0.011657519625209846	0.0	0.0	0.0015999999999999942	1.7106246134148527e-19
"1/sqrt(X)"	"Julia"	"Float32"	"vj_invsqrt"	10000	10.111659770114942	0.4675573654340332	0.0	0.0	8.012799999999991	7.083944372235732e-16
"dot(X,Y)"	"BLAS"	"Float64"	"Base.LinAlg.BLAS.dot"	10000	0.42062336465486083	0.008129730324994745	0.0	0.0	0.0031999999999999884	1.8132361820314427e-19
"dot(X,Y)"	"MKL"	"Float64"	"MKL.mkl_dot"	10000	0.5622851187551188	0.020810611991500614	0.0	0.0	0.003199999999999991	2.1230811379278555e-19
"dot(X,Y)"	"Julia"	"Float64"	"vj_dot"	10000	3.546597117324878	0.30569191960592557	0.0	0.0	8.03680000000002	9.323715081821942e-16
"aX"	"BLAS"	"Float64"	"Base.LinAlg.BLAS.scal!"	10000	0.36738937996916476	0.003237619839046613	0.0	0.0	0.003199999999999995	7.370534250752225e-20
"aX"	"MKL"	"Float64"	"MKL.mkl_scal!"	10000	0.4152402486546669	0.005111553626229683	0.0	0.0	0.003199999999999992	2.044523014395315e-19
"aX"	"Julia"	"Float64"	"*"	10000	1.9037917715392059	0.1497096940589188	0.0	0.0	8.008000000000022	5.58037329703999e-16
"X+Y"	"BLAS"	"Float64"	"Base.LinAlg.axpy!"	10000	0.4756534364748289	0.008279120004100459	0.0	0.0	0.0015999999999999955	7.464764278604186e-20
"X+Y"	"MKL"	"Float64"	"MKL.mkl_add!"	10000	0.7795886376051567	0.027628147513810142	0.0	0.0	0.0015999999999999968	8.757710841658055e-20
"X+Y"	"Julia"	"Float64"	"+"	10000	2.0641985767639044	0.16177101526734533	0.0	0.0	8.009600000000004	9.194500185221466e-17
"X-Y"	"BLAS"	"Float64"	"Base.LinAlg.axpy!"	10000	0.8077500152230171	0.014547723613642097	0.0	0.0	0.0015999999999999947	1.2182860101242654e-19
"X-Y"	"MKL"	"Float64"	"MKL.mkl_sub!"	10000	0.6454941909359914	0.012909451981066014	0.0	0.0	0.0015999999999999947	1.742728939356621e-19
"X-Y"	"Julia"	"Float64"	"-"	10000	2.047256996963842	0.14909090975971467	0.0	0.0	8.00960000000001	2.194534847572823e-16
"aX+Y"	"BLAS"	"Float64"	"Base.LinAlg.axpy!"	10000	0.5244091787439613	0.022990736051690393	0.0	0.0	0.0015999999999999947	8.646398297984004e-20
"aX+Y"	"MKL"	"Float64"	"MKL.mkl_axpy!"	10000	0.7925351068546598	0.09440859533533819	0.0	0.0	0.00319999999999999	2.419566965881594e-19
"aX+Y"	"Julia"	"Float64"	"vj_axpy"	10000	4.367082727272727	0.3316425194503005	0.0	0.0	16.017599999999987	5.146416601195877e-16
"X.Y"	"BLAS"	"Float64"	"nanf"	10000	0.0	0.0	0.0	0.0	0.0	0.0
"X.Y"	"MKL"	"Float64"	"MKL.mkl_mul!"	10000	0.6922407593411009	0.013312750222230257	0.0	0.0	0.0015999999999999942	1.2340921222282871e-19
"X.Y"	"Julia"	"Float64"	".*"	10000	2.6538808454155602	0.25004269697074394	0.0	0.0	8.035200000000016	5.885306657046356e-16
"X^2"	"BLAS"	"Float64"	"nanf"	10000	0.0	0.0	0.0	0.0	0.0	0.0
"X^2"	"MKL"	"Float64"	"MKL.mkl_powx!"	10000	1.005429333160353	0.1559766050418305	0.0	0.0	0.0031999999999999884	3.435646157018447e-19
"X^2"	"Julia"	"Float64"	".^"	10000	16.954876143790848	0.8877884014288868	0.0	0.0	8.008000000000019	2.0361950253480426e-15
"X/Y"	"BLAS"	"Float64"	"nanf"	10000	0.0	0.0	0.0	0.0	0.0	0.0
"X/Y"	"MKL"	"Float64"	"MKL.mkl_div!"	10000	4.082759928283281	0.05225295233712921	0.0	0.0	0.0015999999999999968	1.7741738588411383e-19
"X/Y"	"Julia"	"Float64"	"./"	10000	8.736894050743656	0.41695062285969514	0.0	0.0	8.035200000000014	1.0831889652439282e-15
"1/X"	"BLAS"	"Float64"	"nanf"	10000	0.0	0.0	0.0	0.0	0.0	0.0
"1/X"	"MKL"	"Float64"	"MKL.mkl_inv!"	10000	4.0175542304886935	0.13358446158932816	0.0	0.0	0.0015999999999999955	2.240382261221585e-19
"1/X"	"Julia"	"Float64"	"./"	10000	8.55358015936255	0.35881710737638356	0.0	0.0	8.008000000000019	1.421317845683003e-15
"|X|"	"BLAS"	"Float64"	"nanf"	10000	0.0	0.0	0.0	0.0	0.0	0.0
"|X|"	"MKL"	"Float64"	"MKL.mkl_abs!"	10000	0.6722582987720582	0.013737099937494794	0.0	0.0	0.0015999999999999949	1.2088896598141204e-19
"|X|"	"Julia"	"Float64"	"abs"	10000	2.585287059577194	0.21968668834912178	0.0	0.0	8.006399999999987	4.0536725548543396e-16
"sqrt(X)"	"BLAS"	"Float64"	"nanf"	10000	0.0	0.0	0.0	0.0	0.0	0.0
"sqrt(X)"	"MKL"	"Float64"	"MKL.mkl_sqrt!"	10000	4.149772650771389	0.060232213234006377	0.0	0.0	0.0015999999999999953	2.301343362233294e-19
"sqrt(X)"	"VJulia"	"Float64"	"sqrt"	10000	14.081146242331284	0.7766056353658022	0.0	0.0	8.006399999999987	8.873053992399196e-16
"sqrt(X)"	"LJulia"	"Float64"	"lj_sqrt"	10000	7.644450317796611	0.06666410301177664	0.0	0.0	0.0	0.0
"sqrt(X)"	"iLJulia"	"Float64"	"ilj_sqrt"	10000	11.705549088256745	0.253290933451029	0.0	0.0	0.0	0.0
"sqrt(X)"	"MJulia"	"Float64"	"map!"	10000	160.84450800000002	15.628096500801977	0.0	0.0	48.0	0.0
"sqrt(X)"	"BJulia"	"Float64"	"broadcast!"	10000	7.3508712050078255	0.07715836628342473	0.0	0.0	0.0015999999999999957	3.126021030563869e-19
"1/sqrt(X)"	"BLAS"	"Float64"	"nanf"	10000	0.0	0.0	0.0	0.0	0.0	0.0
"1/sqrt(X)"	"MKL"	"Float64"	"MKL.mkl_invsqrt!"	10000	3.3011772021962282	0.06951704804462766	0.0	0.0	0.0015999999999999973	1.122011644661522e-19
"1/sqrt(X)"	"Julia"	"Float64"	"vj_invsqrt"	10000	17.100919256756754	1.4116998455465766	0.0	0.0	16.012799999999977	2.2585764613258235e-15
"dot(X,Y)"	"BLAS"	"Float32"	"Base.LinAlg.BLAS.dot"	100000	0.7249988067061144	0.037418254077700386	0.0	0.0	0.00032000000000000073	4.031937905287797e-20
"dot(X,Y)"	"MKL"	"Float32"	"MKL.mkl_dot"	100000	0.2928224433174224	0.013968195555919868	0.0	0.0	0.00032000000000000073	3.135837111124894e-20
"dot(X,Y)"	"Julia"	"Float32"	"vj_dot"	100000	4.334040228136882	0.31299900764899835	0.0	0.0	4.003680000000002	2.8268101783317067e-16
"aX"	"BLAS"	"Float32"	"Base.LinAlg.BLAS.scal!"	100000	0.22143201923076927	0.009410195882871963	0.0	0.0	0.0003200000000000007	2.505972311704337e-20
"aX"	"MKL"	"Float32"	"MKL.mkl_scal!"	100000	0.24035793157687768	0.007381083597432953	0.0	0.0	0.0003200000000000007	2.3498120388458208e-20
"aX"	"Julia"	"Float32"	"*"	100000	2.756637491926803	0.12918626697786384	0.0	0.0	4.000800000000018	1.0617966240333918e-15
"X+Y"	"BLAS"	"Float32"	"Base.LinAlg.axpy!"	100000	0.39285768579492003	0.02444794295477235	0.0	0.0	0.00016000000000000034	1.1493117121349735e-20
"X+Y"	"MKL"	"Float32"	"MKL.mkl_add!"	100000	0.5349951160631383	0.026536111366732177	0.0	0.0	0.00016000000000000034	1.8056209811313718e-20
"X+Y"	"Julia"	"Float32"	"+"	100000	2.269364530983514	0.09322204636040324	0.0	0.0	4.000959999999989	6.547705038627583e-16
"X-Y"	"BLAS"	"Float32"	"Base.LinAlg.axpy!"	100000	0.318233067860509	0.015542914547750128	0.0	0.0	0.00016000000000000034	1.81919089287522e-20
"X-Y"	"MKL"	"Float32"	"MKL.mkl_sub!"	100000	0.4825741005291005	0.02147726177776092	0.0	0.0	0.00016000000000000034	2.489050181905108e-20
"X-Y"	"Julia"	"Float32"	"-"	100000	2.430662045184304	0.10101415456591165	0.0	0.0	4.00095999999999	6.137989268945549e-16
"aX+Y"	"BLAS"	"Float32"	"Base.LinAlg.axpy!"	100000	0.3283292083099381	0.018062634519248926	0.0	0.0	0.00016000000000000034	1.985814174508927e-20
"aX+Y"	"MKL"	"Float32"	"MKL.mkl_axpy!"	100000	0.36133981045376223	0.033127712861603445	0.0	0.0	0.00032000000000000073	3.0767251228113654e-20
"aX+Y"	"Julia"	"Float32"	"vj_axpy"	100000	5.12436511574074	0.37195378810880575	0.0	0.0	8.001759999999992	1.1019925571404314e-15
"X.Y"	"BLAS"	"Float32"	"nanf"	100000	0.0	0.0	0.0	0.0	0.0	0.0
"X.Y"	"MKL"	"Float32"	"MKL.mkl_mul!"	100000	0.564663222537495	0.021079298743995428	0.0	0.0	0.0001600000000000003	1.546548380185297e-20
"X.Y"	"Julia"	"Float32"	".*"	100000	3.2158977850877193	0.1312645698329426	0.0	0.0	4.0035199999999875	1.0611728829866196e-15
"X^2"	"BLAS"	"Float32"	"nanf"	100000	0.0	0.0	0.0	0.0	0.0	0.0
"X^2"	"MKL"	"Float32"	"MKL.mkl_powx!"	100000	0.37017210675293155	0.01410693350834315	0.0	0.0	0.0003200000000000007	3.3701898781438696e-20
"X^2"	"Julia"	"Float32"	".^"	100000	17.07127547008547	1.3147586009251684	0.0	0.0	4.000799999999999	2.1241652597264688e-16
"X/Y"	"BLAS"	"Float32"	"nanf"	100000	0.0	0.0	0.0	0.0	0.0	0.0
"X/Y"	"MKL"	"Float32"	"MKL.mkl_div!"	100000	0.9722223234624148	0.04738955812519689	0.0	0.0	0.00016000000000000034	2.3095143382001637e-20
"X/Y"	"Julia"	"Float32"	"./"	100000	7.36054612021858	0.27563479785198625	0.0	0.0	4.003520000000002	3.3916544436807536e-16
"1/X"	"BLAS"	"Float32"	"nanf"	100000	0.0	0.0	0.0	0.0	0.0	0.0
"1/X"	"MKL"	"Float32"	"MKL.mkl_inv!"	100000	0.9030063068920675	0.04807483836127637	0.0	0.0	0.00016000000000000034	3.023207786387883e-20
"1/X"	"Julia"	"Float32"	"./"	100000	7.478848826530612	0.3733076825048244	0.0	0.0	4.000799999999999	1.6383247445421782e-16
"|X|"	"BLAS"	"Float32"	"nanf"	100000	0.0	0.0	0.0	0.0	0.0	0.0
"|X|"	"MKL"	"Float32"	"MKL.mkl_abs!"	100000	0.4188652071005918	0.026900099701612338	0.0	0.0	0.00016000000000000034	1.9436844161366623e-20
"|X|"	"Julia"	"Float32"	"abs"	100000	4.936020403100775	0.44030848776016995	0.0	0.0	4.000639999999987	1.2621250846007782e-15
"sqrt(X)"	"BLAS"	"Float32"	"nanf"	100000	0.0	0.0	0.0	0.0	0.0	0.0
"sqrt(X)"	"MKL"	"Float32"	"MKL.mkl_sqrt!"	100000	0.7189587416107381	0.0379351367807938	0.0	0.0	0.00016000000000000034	3.43471039609764e-20
"sqrt(X)"	"VJulia"	"Float32"	"sqrt"	100000	7.226131548672567	0.39287696918168347	0.0	0.0	4.000640000000003	6.100789333982244e-16
"sqrt(X)"	"LJulia"	"Float32"	"lj_sqrt"	100000	7.770174029126214	0.5203942919495826	0.0	0.0	0.0	0.0
"sqrt(X)"	"iLJulia"	"Float32"	"ilj_sqrt"	100000	5.071551690140844	0.15627654433291174	0.0	0.0	0.0	0.0
"sqrt(X)"	"MJulia"	"Float32"	"map!"	100000	166.22771600000002	7.138929664979655	0.0	0.0	48.0	0.0
"sqrt(X)"	"BJulia"	"Float32"	"broadcast!"	100000	5.26573531707317	0.10471138060780884	0.0	0.0	0.00016000000000000023	3.9105898137935664e-20
"1/sqrt(X)"	"BLAS"	"Float32"	"nanf"	100000	0.0	0.0	0.0	0.0	0.0	0.0
"1/sqrt(X)"	"MKL"	"Float32"	"MKL.mkl_invsqrt!"	100000	1.0837622812499996	0.06415194038896632	0.0	0.0	0.00016000000000000034	2.095194645807884e-20
"1/sqrt(X)"	"Julia"	"Float32"	"vj_invsqrt"	100000	16.423359767441863	1.665874124399545	0.0	0.0	8.001279999999998	7.060291737348447e-16
"dot(X,Y)"	"BLAS"	"Float64"	"Base.LinAlg.BLAS.dot"	100000	0.5115815402843603	0.0189121990859282	0.0	0.0	0.0003200000000000006	3.344658275262116e-20
"dot(X,Y)"	"MKL"	"Float64"	"MKL.mkl_dot"	100000	0.50050533530572	0.032845468376325807	0.0	0.0	0.00032000000000000073	4.031937905287797e-20
"dot(X,Y)"	"Julia"	"Float64"	"vj_dot"	100000	6.025919050279331	0.6694165095309548	0.0	0.0	8.003679999999994	1.0288653600842205e-15
"aX"	"BLAS"	"Float64"	"Base.LinAlg.BLAS.scal!"	100000	0.5967104089815558	0.04038366558546705	0.0	0.0	0.0003200000000000007	3.3559653171339124e-20
"aX"	"MKL"	"Float64"	"MKL.mkl_scal!"	100000	0.6218523011844334	0.034916303294780335	0.0	0.0	0.0003200000000000007	6.89846709846122e-20
"aX"	"Julia"	"Float64"	"*"	100000	3.4004590256410263	0.28640068422853704	0.0	0.0	8.000800000000018	2.31991723518921e-15
"X+Y"	"BLAS"	"Float64"	"Base.LinAlg.axpy!"	100000	0.5255209450679268	0.029500098450453392	0.0	0.0	0.00016000000000000037	2.206533545744505e-20
"X+Y"	"MKL"	"Float64"	"MKL.mkl_add!"	100000	1.1679726752503576	0.046947515205487046	0.0	0.0	0.00016000000000000034	3.1711800171711714e-20
"X+Y"	"Julia"	"Float64"	"+"	100000	3.7196014522821574	0.345276125766004	0.0	0.0	8.000960000000008	1.4767659680770664e-15
"X-Y"	"BLAS"	"Float64"	"Base.LinAlg.axpy!"	100000	0.5542992582025679	0.026995440497518623	0.0	0.0	0.00016000000000000034	1.582475731836698e-20
"X-Y"	"MKL"	"Float64"	"MKL.mkl_sub!"	100000	1.1700468907563024	0.09283894472676692	0.0	0.0	0.0001600000000000003	4.070380861144208e-20
"X-Y"	"Julia"	"Float64"	"-"	100000	4.129587409326425	0.42996678181272624	0.0	0.0	8.000959999999992	9.327750448850017e-16
"aX+Y"	"BLAS"	"Float64"	"Base.LinAlg.axpy!"	100000	0.5565555627846454	0.022414236536568974	0.0	0.0	0.00016000000000000034	1.511357923963903e-20
"aX+Y"	"MKL"	"Float64"	"MKL.mkl_axpy!"	100000	0.682744741081703	0.04660021582093075	0.0	0.0	0.0003200000000000006	3.6854466858368387e-20
"aX+Y"	"Julia"	"Float64"	"vj_axpy"	100000	8.715135517241379	1.4654787418368693	0.0	0.0	16.001759999999997	9.867975489198948e-16
"X.Y"	"BLAS"	"Float64"	"nanf"	100000	0.0	0.0	0.0	0.0	0.0	0.0
"X.Y"	"MKL"	"Float64"	"MKL.mkl_mul!"	100000	1.2463521526908636	0.06068760994891056	0.0	0.0	0.00016000000000000037	3.212989217137565e-20
"X.Y"	"Julia"	"Float64"	".*"	100000	4.48154929245283	0.2843026480812354	0.0	0.0	8.003519999999988	1.2710378087086468e-15
"X^2"	"BLAS"	"Float64"	"nanf"	100000	0.0	0.0	0.0	0.0	0.0	0.0
"X^2"	"MKL"	"Float64"	"MKL.mkl_powx!"	100000	0.7831576782752903	0.058653636316279574	0.0	0.0	0.0003200000000000007	4.827086481731252e-20
"X^2"	"Julia"	"Float64"	".^"	100000	17.95229306666667	1.1337426288012227	0.0	0.0	8.0008	0.0
"X/Y"	"BLAS"	"Float64"	"nanf"	100000	0.0	0.0	0.0	0.0	0.0	0.0
"X/Y"	"MKL"	"Float64"	"MKL.mkl_div!"	100000	2.887575046296296	0.16029147593432874	0.0	0.0	0.00016000000000000028	3.363014395570164e-20
"X/Y"	"Julia"	"Float64"	"./"	100000	11.587197592592592	0.7298727499298416	0.0	0.0	8.003520000000002	4.4233917458559185e-16
"1/X"	"BLAS"	"Float64"	"nanf"	100000	0.0	0.0	0.0	0.0	0.0	0.0
"1/X"	"MKL"	"Float64"	"MKL.mkl_inv!"	100000	2.8007383777777783	0.22508214813081476	0.0	0.0	0.00016000000000000034	3.953897776776908e-20
"1/X"	"Julia"	"Float64"	"./"	100000	12.729737372881358	1.036379218034957	0.0	0.0	8.0008	0.0
"|X|"	"BLAS"	"Float64"	"nanf"	100000	0.0	0.0	0.0	0.0	0.0	0.0
"|X|"	"MKL"	"Float64"	"MKL.mkl_abs!"	100000	1.1101817834890968	0.2059080406228411	0.0	0.0	0.00016000000000000037	2.5339461749540463e-20
"|X|"	"Julia"	"Float64"	"abs"	100000	6.02943620689655	1.1760385534099687	0.0	0.0	8.000640000000002	4.266761540999747e-16
"sqrt(X)"	"BLAS"	"Float64"	"nanf"	100000	0.0	0.0	0.0	0.0	0.0	0.0
"sqrt(X)"	"MKL"	"Float64"	"MKL.mkl_sqrt!"	100000	4.57025634228188	0.6213995605714343	0.0	0.0	0.00016000000000000028	4.0512508649412224e-20
"sqrt(X)"	"VJulia"	"Float64"	"sqrt"	100000	12.195302330097086	1.0660966482059955	0.0	0.0	8.000640000000002	4.530511176945614e-16
"sqrt(X)"	"LJulia"	"Float64"	"lj_sqrt"	100000	8.586062068965518	0.1820509400306102	0.0	0.0	0.0	0.0
"sqrt(X)"	"iLJulia"	"Float64"	"ilj_sqrt"	100000	8.416152252252253	0.08921772875607427	0.0	0.0	0.0	0.0
"sqrt(X)"	"MJulia"	"Float64"	"map!"	100000	139.77938375	10.953175886093106	0.0	0.0	48.0	0.0
"sqrt(X)"	"BJulia"	"Float64"	"broadcast!"	100000	8.191687936507938	0.08239147423304434	0.0	0.0	0.0001600000000000001	1.8734133454087775e-20
"1/sqrt(X)"	"BLAS"	"Float64"	"nanf"	100000	0.0	0.0	0.0	0.0	0.0	0.0
"1/sqrt(X)"	"MKL"	"Float64"	"MKL.mkl_invsqrt!"	100000	2.2470546272493572	0.26356743841789965	0.0	0.0	0.0001600000000000003	3.898918739319792e-20
"1/sqrt(X)"	"Julia"	"Float64"	"vj_invsqrt"	100000	23.39046255319149	2.2595102244264287	0.0	0.0	16.001280000000005	1.3492684702369111e-15
"dot(X,Y)"	"BLAS"	"Float32"	"Base.LinAlg.BLAS.dot"	1000000	1.0386331323529412	0.09223700688824212	0.0	0.0	3.2e-5	0.0
"dot(X,Y)"	"MKL"	"Float32"	"MKL.mkl_dot"	1000000	0.6544084210526316	0.07590108608439715	0.0	0.0	3.2e-5	0.0
"dot(X,Y)"	"Julia"	"Float32"	"vj_dot"	1000000	3.591776884615385	0.41547453797808365	0.0	0.0	4.000368000000001	4.575592000486683e-16
"aX"	"BLAS"	"Float32"	"Base.LinAlg.BLAS.scal!"	1000000	0.5361313539094651	0.04422981636271149	0.0	0.0	3.199999999999996e-5	6.732105875508506e-21
"aX"	"MKL"	"Float32"	"MKL.mkl_scal!"	1000000	0.4974181784232366	0.038806973061887046	0.0	0.0	3.199999999999996e-5	6.760098120469969e-21
"aX"	"Julia"	"Float32"	"*"	1000000	1.505921625	0.13399238615748352	0.0	0.0	4.00008	0.0
"X+Y"	"BLAS"	"Float32"	"Base.LinAlg.axpy!"	1000000	1.0115871721311476	0.10327289148672365	0.0	0.0	1.6000000000000006e-5	1.586772572079288e-21
"X+Y"	"MKL"	"Float32"	"MKL.mkl_add!"	1000000	1.376884113402062	0.12662257641990007	0.0	0.0	1.6000000000000006e-5	1.7814422722423697e-21
"X+Y"	"Julia"	"Float32"	"+"	1000000	1.9052544218750003	0.21328401941278843	0.0	0.0	4.000096	0.0
"X-Y"	"BLAS"	"Float32"	"Base.LinAlg.axpy!"	1000000	0.9836799999999999	0.14140636522764705	0.0	0.0	1.6000000000000003e-5	1.0824820315720955e-21
"X-Y"	"MKL"	"Float32"	"MKL.mkl_sub!"	1000000	1.415614727272727	0.24025874299847794	0.0	0.0	1.6000000000000003e-5	1.187628181494913e-21
"X-Y"	"Julia"	"Float32"	"-"	1000000	2.2370714848484847	0.41990195400828406	0.0	0.0	4.000096	0.0
"aX+Y"	"BLAS"	"Float32"	"Base.LinAlg.axpy!"	1000000	1.0055558055555556	0.08842187096312393	0.0	0.0	1.5999999999999996e-5	7.29809236804838e-22
"aX+Y"	"MKL"	"Float32"	"MKL.mkl_axpy!"	1000000	1.2134831	0.1769559798193596	0.0	0.0	3.2000000000000005e-5	2.4934997561245954e-21
"aX+Y"	"Julia"	"Float32"	"vj_axpy"	1000000	3.7854986774193553	0.38100882115696866	0.0	0.0	8.000175999999998	8.353849842022483e-16
"X.Y"	"BLAS"	"Float32"	"nanf"	1000000	0.0	0.0	0.0	0.0	0.0	0.0
"X.Y"	"MKL"	"Float32"	"MKL.mkl_mul!"	1000000	1.4252458529411764	0.19188236572487646	0.0	0.0	1.6e-5	0.0
"X.Y"	"Julia"	"Float32"	".*"	1000000	2.77581412	0.3296440921683396	0.0	0.0	4.000352000000001	4.669944030147038e-16
"X^2"	"BLAS"	"Float32"	"nanf"	1000000	0.0	0.0	0.0	0.0	0.0	0.0
"X^2"	"MKL"	"Float32"	"MKL.mkl_powx!"	1000000	1.0345387826086956	0.09019278267474883	0.0	0.0	3.2e-5	0.0
"X^2"	"Julia"	"Float32"	".^"	1000000	14.8831114	1.652446269323698	0.0	0.0	4.00008	0.0
"X/Y"	"BLAS"	"Float32"	"nanf"	1000000	0.0	0.0	0.0	0.0	0.0	0.0
"X/Y"	"MKL"	"Float32"	"MKL.mkl_div!"	1000000	1.48042081	0.14409184080377532	0.0	0.0	1.6000000000000003e-5	8.771215415356947e-22
"X/Y"	"Julia"	"Float32"	"./"	1000000	6.8868453999999995	0.4242705131529004	0.0	0.0	4.000352	0.0
"1/X"	"BLAS"	"Float32"	"nanf"	1000000	0.0	0.0	0.0	0.0	0.0	0.0
"1/X"	"MKL"	"Float32"	"MKL.mkl_inv!"	1000000	1.3113587903225805	0.15665139213058124	0.0	0.0	1.6000000000000003e-5	7.869095549518685e-22
"1/X"	"Julia"	"Float32"	"./"	1000000	6.7009934	0.37511102182045547	0.0	0.0	4.000079999999999	6.114392002673125e-16
"|X|"	"BLAS"	"Float32"	"nanf"	1000000	0.0	0.0	0.0	0.0	0.0	0.0
"|X|"	"MKL"	"Float32"	"MKL.mkl_abs!"	1000000	1.0454130000000001	0.12635600472490705	0.0	0.0	1.6000000000000006e-5	1.5933704074902502e-21
"|X|"	"Julia"	"Float32"	"abs"	1000000	2.831244114285714	0.29911666117061686	0.0	0.0	4.000064000000001	3.9235377713642374e-16
"sqrt(X)"	"BLAS"	"Float32"	"nanf"	1000000	0.0	0.0	0.0	0.0	0.0	0.0
"sqrt(X)"	"MKL"	"Float32"	"MKL.mkl_sqrt!"	1000000	1.0771521885245898	0.10675755008196397	0.0	0.0	1.6000000000000006e-5	1.586772572079288e-21
"sqrt(X)"	"VJulia"	"Float32"	"sqrt"	1000000	6.175492933333333	0.1445418452905446	0.0	0.0	4.000064000000001	6.114392002673125e-16
"sqrt(X)"	"LJulia"	"Float32"	"lj_sqrt"	1000000	5.6801408235294115	0.16562615164687702	0.0	0.0	0.0	0.0
"sqrt(X)"	"iLJulia"	"Float32"	"ilj_sqrt"	1000000	5.4952906666666665	0.10467734565199024	0.0	0.0	0.0	0.0
"sqrt(X)"	"MJulia"	"Float32"	"map!"	1000000	197.8412545	26.961750108144106	0.0	0.0	48.0	0.0
"sqrt(X)"	"BJulia"	"Float32"	"broadcast!"	1000000	5.587302882352941	0.30393874783439384	0.0	0.0	1.6e-5	0.0
"1/sqrt(X)"	"BLAS"	"Float32"	"nanf"	1000000	0.0	0.0	0.0	0.0	0.0	0.0
"1/sqrt(X)"	"MKL"	"Float32"	"MKL.mkl_invsqrt!"	1000000	1.1152155064935065	0.1557766915396777	0.0	0.0	1.6e-5	0.0
"1/sqrt(X)"	"Julia"	"Float32"	"vj_invsqrt"	1000000	12.806497000000002	0.6348269189636072	0.0	0.0	8.000128000000002	1.867977612058815e-15
"dot(X,Y)"	"BLAS"	"Float64"	"Base.LinAlg.BLAS.dot"	1000000	1.5194596666666667	0.2218533304474174	0.0	0.0	3.2000000000000005e-5	2.2723821244656766e-21
"dot(X,Y)"	"MKL"	"Float64"	"MKL.mkl_dot"	1000000	1.4892669772727272	0.1684133966299244	0.0	0.0	3.200000000000001e-5	3.7426372818186286e-21
"dot(X,Y)"	"Julia"	"Float64"	"vj_dot"	1000000	5.614391333333334	1.2397555292864382	0.0	0.0	8.000367999999998	1.3795928963059987e-15
"aX"	"BLAS"	"Float64"	"Base.LinAlg.BLAS.scal!"	1000000	1.3133450000000002	0.1292060064661526	0.0	0.0	3.200000000000001e-5	3.456505719715587e-21
"aX"	"MKL"	"Float64"	"MKL.mkl_scal!"	1000000	1.401778676767677	0.1668691127635387	0.0	0.0	3.2000000000000005e-5	1.763170586442704e-21
"aX"	"Julia"	"Float64"	"*"	1000000	3.516784210526316	0.5594431089780191	0.0	0.0	8.000079999999999	7.522226912025044e-16
"X+Y"	"BLAS"	"Float64"	"Base.LinAlg.axpy!"	1000000	2.0265680153846155	0.27294832873557373	0.0	0.0	1.6000000000000003e-5	1.0909061433045105e-21
"X+Y"	"MKL"	"Float64"	"MKL.mkl_add!"	1000000	2.923836770833333	0.3538473666432812	0.0	0.0	1.6e-5	0.0
"X+Y"	"Julia"	"Float64"	"+"	1000000	4.917742612903226	0.9329167445500006	0.0	0.0	8.000096	0.0
"X-Y"	"BLAS"	"Float64"	"Base.LinAlg.axpy!"	1000000	2.0216056515151517	0.26209651016354235	0.0	0.0	1.6000000000000003e-5	1.0824820315720955e-21
"X-Y"	"MKL"	"Float64"	"MKL.mkl_sub!"	1000000	2.6802645106382976	0.3754432671937068	0.0	0.0	1.6000000000000003e-5	1.2867626860016929e-21
"X-Y"	"Julia"	"Float64"	"-"	1000000	3.4850359230769232	0.3215221357226194	0.0	0.0	8.000096	0.0
"aX+Y"	"BLAS"	"Float64"	"Base.LinAlg.axpy!"	1000000	2.107459671875	0.2599080167315429	0.0	0.0	1.6000000000000003e-5	1.0995300414843143e-21
"aX+Y"	"MKL"	"Float64"	"MKL.mkl_axpy!"	1000000	2.0594878	0.5590000789797782	0.0	0.0	3.2e-5	0.0
"aX+Y"	"Julia"	"Float64"	"vj_axpy"	1000000	8.377875777777778	1.8198245469669954	0.0	0.0	16.000176	0.0
"X.Y"	"BLAS"	"Float64"	"nanf"	1000000	0.0	0.0	0.0	0.0	0.0	0.0
"X.Y"	"MKL"	"Float64"	"MKL.mkl_mul!"	1000000	2.8416663809523808	0.46104169451657523	0.0	0.0	1.6000000000000003e-5	1.3629673301380496e-21
"X.Y"	"Julia"	"Float64"	".*"	1000000	4.0653720799999995	0.6987348148456071	0.0	0.0	8.000352	0.0
"X^2"	"BLAS"	"Float64"	"nanf"	1000000	0.0	0.0	0.0	0.0	0.0	0.0
"X^2"	"MKL"	"Float64"	"MKL.mkl_powx!"	1000000	2.1579141285714285	0.25966255953248535	0.0	0.0	3.200000000000001e-5	4.202549334343036e-21
"X^2"	"Julia"	"Float64"	".^"	1000000	18.384264	0.8831866490894352	0.0	0.0	8.00008	0.0
"X/Y"	"BLAS"	"Float64"	"nanf"	1000000	0.0	0.0	0.0	0.0	0.0	0.0
"X/Y"	"MKL"	"Float64"	"MKL.mkl_div!"	1000000	3.614451238095238	0.4897408763802164	0.0	0.0	1.6e-5	0.0
"X/Y"	"Julia"	"Float64"	"./"	1000000	9.6935419	0.48343208689399547	0.0	0.0	8.000351999999998	1.5251973334955605e-15
"1/X"	"BLAS"	"Float64"	"nanf"	1000000	0.0	0.0	0.0	0.0	0.0	0.0
"1/X"	"MKL"	"Float64"	"MKL.mkl_inv!"	1000000	3.0000556923076926	0.3796921300749598	0.0	0.0	1.6e-5	0.0
"1/X"	"Julia"	"Float64"	"./"	1000000	9.7878417	0.6336172972188948	0.0	0.0	8.000079999999999	1.5251973334955605e-15
"|X|"	"BLAS"	"Float64"	"nanf"	1000000	0.0	0.0	0.0	0.0	0.0	0.0
"|X|"	"MKL"	"Float64"	"MKL.mkl_abs!"	1000000	2.0337042187500005	0.20521908956001397	0.0	0.0	1.6000000000000003e-5	1.0995300414843143e-21
"|X|"	"Julia"	"Float64"	"abs"	1000000	3.8463174117647063	0.8877912281029624	0.0	0.0	8.000064	0.0
"sqrt(X)"	"BLAS"	"Float64"	"nanf"	1000000	0.0	0.0	0.0	0.0	0.0	0.0
"sqrt(X)"	"MKL"	"Float64"	"MKL.mkl_sqrt!"	1000000	3.201623605263158	0.36547853113326134	0.0	0.0	1.6e-5	0.0
"sqrt(X)"	"VJulia"	"Float64"	"sqrt"	1000000	9.623627666666668	0.5363072922008517	0.0	0.0	8.000064	0.0
"sqrt(X)"	"LJulia"	"Float64"	"lj_sqrt"	1000000	8.013020307692308	0.7281146360651469	0.0	0.0	0.0	0.0
"sqrt(X)"	"iLJulia"	"Float64"	"ilj_sqrt"	1000000	8.234668166666667	0.41504021912910033	0.0	0.0	0.0	0.0
"sqrt(X)"	"MJulia"	"Float64"	"map!"	1000000	143.1942735	12.501575018857082	0.0	0.0	48.0	0.0
"sqrt(X)"	"BJulia"	"Float64"	"broadcast!"	1000000	7.900366181818182	0.40527345638887896	0.0	0.0	1.6000000000000003e-5	2.7597985010498386e-21
"1/sqrt(X)"	"BLAS"	"Float64"	"nanf"	1000000	0.0	0.0	0.0	0.0	0.0	0.0
"1/sqrt(X)"	"MKL"	"Float64"	"MKL.mkl_invsqrt!"	1000000	3.3101361351351355	0.44087868787838796	0.0	0.0	1.5999999999999996e-5	1.454541524406014e-21
"1/sqrt(X)"	"Julia"	"Float64"	"vj_invsqrt"	1000000	18.0704475	1.1594986927255886	0.0	0.0	16.000128	0.0
